IE,148781
NI,105025
NA,61496
RZ,57455
CH,57204
CZ,56890
ZE,54500
OW,54088
PO,53828
WI,53672
AN,52378
ST,51214
ZY,46936
SZ,46172
ZA,45621
AŁ,43627
PR,40419
SI,39992
IA,39748
IĘ,39576
RA,39371
MI,39308
RO,38841
WA,38662
TA,38549
DZ,38328
OD,38066
CI,37349
EM,36483
KI,36034
AR,35886
ON,34725
EJ,34617
ES,32965
ZI,32832
LI,32126
KO,32037
EN,32016
DO,30521
ER,30149
AK,29899
ŁA,29894
OS,29819
AS,29628
AC,29380
AW,29290
YC,28129
AL,27830
GO,27486
JE,26874
AD,26483
EG,26198
ŁO,25998
AM,25802
KA,25737
LE,25111
ED,25057
NY,24177
TE,23831
EC,23638
TO,23608
WY,23371
NE,23278
IC,23135
YM,22757
AT,22646
PA,22388
TY,22334
AJ,22306
WO,22254
OB,21993
EW,21759
YS,21376
NO,21374
SK,21344
IN,21307
OK,21207
IS,20395
JA,20245
TR,19908
ZN,19813
MA,19801
OR,19784
OP,19376
AP,19349
OC,19142
OM,19139
BY,19055
ÓW,18896
AZ,18886
EP,18436
EZ,18010
OT,17625
EL,17564
EK,17439
WS,17278
OZ,17185
ŻE,16549
LA,16168
RE,16133
DA,16040
IW,16019
MO,15718
ĄC,15365
ET,15284
YW,14964
KU,14480
DN,14153
BI,14133
OL,13679
IO,13641
PI,13482
KT,13459
YŁ,13361
RY,13218
IM,13116
ŁY,13046
JĄ,13013
SP,12696
IŁ,12538
OŚ,12443
ZO,12309
US,12300
OJ,12146
YN,12032
IP,11952
DY,11858
MU,11849
WE,11657
IZ,11613
CY,11473
ŚC,11353
YP,11115
TÓ,10986
KR,10954
IK,10950
CE,10930
WN,10891
ÓR,10410
EB,10383
AB,10150
IL,10122
RU,9953
UD,9787
ZC,9767
BA,9742
IĄ,9715
OG,9707
BO,9520
YT,9518
UC,9427
IT,9297
ĘC,9246
MN,9230
DE,9165
TW,9124
CA,8888
UN,8842
ZW,8835
YK,8789
CO,8771
HO,8676
NĄ,8624
ID,8566
SA,8564
TU,8510
MY,8500
AĆ,8398
RÓ,8197
ĘD,8181
CJ,8087
LU,7909
UP,7891
SO,7842
YJ,7761
ZU,7747
TK,7741
UR,7680
ŁS,7661
AŻ,7618
BR,7558
NT,7543
YZ,7511
GŁ,7412
YL,7405
LK,7372
AG,7283
SŁ,7258
OŻ,7253
DR,7230
HA,7221
EŻ,7189
ZĄ,7159
LN,7006
EO,6979
II,6943
YD,6863
UM,6845
GA,6817
IU,6795
ŻY,6777
ŁE,6769
NN,6672
UJ,6668
ŁU,6600
JS,6568
ZK,6444
AI,6416
ZP,6352
ZM,6321
OŁ,6311
EŚ,6292
ĄD,6285
TN,6230
YB,6194
MP,6174
WR,6165
ĘP,6094
GR,6094
LO,6081
PE,5953
RW,5925
ZD,5896
WP,5864
HW,5830
UL,5819
UŻ,5788
BE,5776
JN,5713
UW,5694
AO,5635
ĘT,5594
JU,5566
EI,5496
ŚL,5480
WC,5476
GI,5462
ZĘ,5457
UT,5428
ME,5384
ŁN,5247
UK,5244
RS,5192
NK,5129
ĘK,5104
IJ,5074
ZT,5062
SE,5054
DU,5039
JI,4913
ĘZ,4867
DŁ,4822
AŚ,4792
WK,4738
ĘW,4736
UB,4705
GD,4699
DW,4693
KN,4692
ZŁ,4685
IR,4681
MS,4647
ŚĆ,4644
OI,4616
WZ,4608
OO,4586
RT,4580
ŻN,4562
KS,4558
ZB,4549
KŁ,4531
WD,4502
HN,4401
IĆ,4366
LS,4355
DL,4346
WT,4320
YŚ,4279
RD,4261
MW,4241
HI,4219
YR,4151
MÓ,4113
RN,4108
JO,4088
ZR,4076
IG,4054
YO,4050
RĘ,4046
YI,4039
ŚW,4018
SU,4012
UZ,3987
IB,3985
EA,3950
ĘN,3931
ĄŁ,3879
PU,3871
KÓ,3867
ŻA,3851
IŚ,3839
HP,3832
ĄT,3821
SW,3808
KW,3775
UG,3756
BU,3755
SY,3731
WŁ,3726
ŚN,3721
NĘ,3708
RI,3697
DP,3691
ŁW,3690
ŚM,3689
IŻ,3675
SC,3667
ĘS,3637
ĄS,3586
YG,3555
JP,3536
CK,3492
AU,3434
EU,3431
ŃS,3428
AA,3406
MZ,3389
PÓ,3379
GL,3369
ĄP,3357
BL,3321
ŁP,3307
JĘ,3291
GN,3261
NS,3246
DK,3235
ŃC,3234
TĘ,3208
JW,3200
HC,3166
SN,3138
ZG,3137
ĄW,3124
EŃ,3106
RC,3105
NC,3061
NU,3054
KĄ,3006
KL,2949
AŃ,2879
ĘŻ,2874
ŁZ,2830
ND,2829
JC,2820
EŁ,2814
ĆS,2802
YĆ,2799
ĄZ,2757
ZS,2740
FI,2738
MC,2731
ÓŁ,2714
MK,2713
JM,2704
ŁK,2689
MR,2684
HE,2684
ĄG,2678
WW,2676
WĄ,2663
DC,2592
ZL,2582
ÓŻ,2580
CN,2566
HS,2539
YA,2519
ŻO,2518
TI,2492
HR,2482
YŻ,2480
ĘŁ,2458
DS,2457
MB,2442
PL,2441
RK,2436
JD,2430
OŃ,2397
UI,2396
PY,2376
ZJ,2338
TĄ,2338
ŁD,2332
ŁT,2312
UA,2311
MD,2308
JR,2308
HM,2304
WU,2297
CU,2293
ĆW,2293
ĆP,2291
MT,2275
DI,2270
RM,2256
ÓD,2248
FA,2242
HZ,2204
RĄ,2189
OU,2180
MM,2173
GÓ,2170
ŻD,2170
ĘO,2154
KP,2153
NG,2144
PŁ,2120
ĆN,2111
HU,2108
BĘ,2104
OA,2102
ŁJ,2084
GU,2083
ĘI,2068
ŹN,2068
LB,2049
ĘB,2039
AF,2038
KC,2037
WÓ,2033
ŁĄ,2023
SĄ,2004
KĘ,2002
CÓ,1999
UO,1986
OF,1971
FR,1958
ÓB,1957
HK,1948
PN,1943
LĘ,1936
ĄN,1917
HD,1917
MJ,1907
TP,1891
ŁB,1871
BN,1869
GE,1858
ŁM,1847
SÓ,1842
LĄ,1805
ĘJ,1768
UŁ,1764
JK,1757
ĆZ,1756
EĆ,1755
ÓC,1750
ĆD,1738
ZZ,1717
ĄŻ,1712
ŚR,1708
JZ,1705
KB,1693
WĘ,1686
ĘŚ,1684
DD,1678
SJ,1656
WM,1648
ÓJ,1645
ŁÓ,1603
OH,1581
RG,1572
ĘG,1571
HY,1553
ŁG,1551
NÓ,1542
ŁC,1527
CS,1502
ĄK,1492
UŚ,1492
FO,1482
RP,1471
SM,1453
DĘ,1448
KZ,1440
ĄI,1429
CĄ,1421
ŻS,1418
WL,1417
EF,1410
NZ,1401
HT,1399
ŁI,1389
LC,1372
ĘM,1370
YU,1369
RŁ,1361
ĆT,1349
TT,1339
HŁ,1338
WJ,1324
ŚP,1317
NW,1306
KŻ,1304
SS,1299
DĄ,1295
NP,1293
WG,1285
ÓL,1278
BŁ,1270
ĄO,1264
RR,1262
WB,1261
JB,1248
AH,1248
ĆM,1243
IÓ,1227
TS,1225
MG,1217
ŁĘ,1216
ŻP,1214
ĆO,1213
CP,1205
TZ,1200
PS,1196
ŻK,1182
DM,1182
MĘ,1182
KK,1169
ŻW,1167
ĄM,1166
DT,1157
MŁ,1149
TC,1141
ĘA,1138
CW,1138
CT,1128
ĆI,1128
FE,1125
ĘL,1120
TŁ,1118
PC,1110
HL,1098
ĄB,1090
GĘ,1083
WŚ,1082
ĘR,1080
JT,1077
MŻ,1077
ŁŻ,1062
DB,1053
ĆJ,1052
ŁR,1048
DÓ,1043
RŻ,1031
ÓG,1029
ĆC,1024
KD,1023
BS,1023
KM,1013
ĄA,1012
DŹ,1006
HB,1004
ZÓ,1003
ĄR,998
JŚ,983
ĄĆ,979
ĆB,975
LW,965
ĄJ,939
ŻĄ,938
BÓ,936
HJ,926
KJ,923
ŻT,922
ĘĆ,916
PĘ,905
GW,894
ĆA,890
AŹ,886
TM,879
OĆ,877
TL,876
ŻC,862
JG,853
ĆK,849
BK,844
BĄ,843
TD,839
ŻZ,835
DŻ,818
LT,816
ŻB,809
LL,807
GĄ,788
EŹ,786
ŻU,778
ÓT,770
CĘ,768
ML,765
JJ,742
SR,725
PT,722
DJ,696
NR,693
YF,691
MŚ,689
IF,688
NM,686
RB,685
HG,679
ÓŹ,672
ĘU,666
LM,658
HĘ,652
JL,639
DG,633
BC,630
EE,623
NF,618
ÓS,616
KG,613
ŚZ,607
UF,605
UU,600
FU,594
NB,593
ĆŻ,590
CM,587
TH,568
AE,558
ŚS,548
NJ,547
ŻM,544
CR,541
ĆR,537
TJ,529
RL,529
ŻI,528
CD,527
IŃ,526
ŻL,520
CC,512
EH,510
SD,509
TB,495
MĄ,492
ĆG,487
SĘ,481
FL,474
IH,473
BW,467
LD,456
ŻJ,448
LP,448
ŹD,441
ĄU,439
ĄL,436
VI,428
ĘŹ,427
HÓ,426
ZŻ,423
SF,421
VE,418
ŹL,413
ĆL,410
OE,409
PK,407
BJ,398
ĄŚ,392
YE,387
ŚD,378
YH,377
WŻ,377
UE,374
YŃ,374
AX,372
ŚT,369
MF,363
SL,362
ŁL,362
ÓZ,360
BP,354
KE,347
JŻ,344
ŹW,343
CL,341
SB,339
GZ,334
KH,331
OV,331
CG,321
ŃW,319
ŃP,318
PH,314
ŚO,313
OŹ,310
HŚ,309
ĆU,307
CB,303
GM,302
BZ,300
RĆ,296
GB,296
HŻ,295
SH,294
JÓ,292
LZ,288
NŻ,286
ZH,285
WH,284
ZF,283
HF,283
ŻĘ,283
SG,282
LG,279
CŻ,271
NL,268
ŃN,265
ŚJ,261
GP,255
AV,252
ŚB,250
ŚK,239
ŻR,235
MH,233
YŹ,233
WF,232
LÓ,232
BD,232
ŹM,231
QU,228
TG,227
VA,226
JF,225
ŹR,221
ŃZ,219
ŃI,218
NH,217
ŻÓ,213
ŃK,212
UH,211
ĄF,209
EV,205
ŁF,205
VO,193
ŁŚ,192
DŚ,190
DH,188
PP,188
TŻ,184
IV,183
UĆ,182
FN,182
GH,181
ŻG,180
ŁH,177
ÓK,170
LŻ,169
RJ,168
GS,168
KŚ,167
JH,164
ĘF,163
AY,162
EY,159
ŚI,157
BT,155
ŹĆ,155
RŚ,154
BH,154
ŃB,153
LJ,151
GT,150
RF,148
ŹC,147
ŃM,146
RH,145
XI,144
BM,143
LF,141
ŹB,141
GK,140
ŃO,139
BB,135
HH,133
ŚU,132
KF,129
ĘH,129
ŃA,125
ŃD,124
ZŚ,123
TF,122
ŚG,122
ŃT,119
LY,119
LR,117
ĄH,116
PĄ,116
FY,112
ĆŚ,110
JŁ,108
ŚA,108
PD,106
XA,103
ŻŻ,102
ĆF,102
ŃJ,101
PZ,97
DF,97
ŁŁ,96
ĘE,95
FT,95
PW,95
ĄE,94
NŁ,92
ŹP,91
XX,88
UV,88
FF,87
TŚ,87
ŚŻ,83
ŹS,81
IX,79
UŹ,79
BF,76
ÓP,76
IŹ,73
UX,71
ĆH,70
NV,68
GY,67
ŃR,67
LH,66
BG,65
CF,65
FC,65
NŚ,64
GG,62
BŻ,61
ĆE,60
SŻ,60
HĄ,60
IQ,60
UY,60
GJ,60
PJ,59
LŚ,59
GC,58
ZV,57
ŹZ,56
FW,55
CŚ,55
PF,54
XW,53
EX,53
QI,52
PB,51
FP,51
XZ,50
ŃL,50
RV,48
XP,48
ŃU,47
SQ,47
FS,47
ŹT,46
OY,46
UŃ,46
ŻŚ,45
ŻF,44
DV,44
FK,44
PM,43
ĆŁ,43
SV,43
FM,43
YĘ,43
XO,43
XS,41
ŃG,41
AQ,41
ŚF,40
ŚŚ,37
ŁX,37
OX,36
XE,36
XV,36
SŚ,34
EÓ,34
ŻŁ,33
FÓ,33
GF,32
IY,32
XN,31
VR,31
VS,30
OÓ,30
ŹI,29
NQ,29
PG,29
QA,29
ŹO,29
LV,28
MŹ,28
FG,28
CQ,28
VK,28
ŚŃ,28
YĄ,28
XT,27
VL,27
ÓN,27
VN,27
ŻH,27
CŁ,27
AÓ,26
ŹK,26
YÓ,26
GX,26
ŹJ,25
FĘ,25
KŹ,25
YV,24
EQ,24
ZX,24
ŹG,24
XR,24
ŹŻ,24
VB,23
KY,23
ŹŃ,23
ŹA,22
EĘ,21
FB,21
HŹ,21
ŚH,21
EĄ,20
RQ,20
OQ,20
XM,20
FD,19
ŃŻ,19
XL,19
GV,19
WX,18
ÓM,18
VP,17
XC,17
ŃŚ,17
XK,17
BŚ,16
FZ,16
MV,16
HV,16
ŚŁ,16
ŃF,15
TŹ,15
TV,15
ÓĆ,14
VW,14
WV,14
SŹ,14
GŚ,14
XU,14
VC,13
VM,13
ĄŹ,13
XJ,13
UQ,12
ŚE,12
SX,12
ŹE,12
YY,12
ÓŚ,12
MQ,12
LQ,12
GŻ,11
VY,11
VD,11
VZ,11
KV,11
ŃH,10
MĆ,10
FĄ,10
VU,10
JŹ,10
TĆ,9
YX,9
XD,9
ĘV,9
ŁŹ,9
ĄV,9
ĆŹ,9
XH,9
ŃE,9
ŁV,9
GQ,9
FJ,8
RŃ,8
HX,8
CV,8
UÓ,8
BĆ,7
LŃ,7
WŹ,7
VT,7
JY,7
LŁ,7
XB,7
XF,6
ĘX,6
FH,6
ÓV,6
YQ,6
ÓÓ,6
ŻŹ,6
VJ,5
CŹ,5
ZŹ,5
GŹ,5
QD,5
NŹ,5
ÓE,5
VH,5
NX,5
AĄ,5
HĆ,5
UĄ,5
ŚŹ,4
ŹY,4
ÓI,4
ÓA,4
ZĆ,4
ŹU,4
XG,4
JV,4
QE,4
SĆ,4
NĆ,4
JĆ,4
DĆ,4
MX,4
ŹF,4
ŹŁ,4
ĆV,3
PĆ,3
ZŃ,3
RŹ,3
FŹ,3
VV,3
WĆ,3
ŃŁ,3
VŹ,3
BŹ,3
PŚ,3
TX,3
ŚV,3
WQ,3
KQ,3
ŁĆ,3
ĄĄ,3
KĆ,3
ĆY,3
AĘ,2
ŃŹ,2
UĘ,2
ŻV,2
QN,2
CX,2
QĘ,2
ÓF,2
ÓO,2
LĆ,2
QO,2
QS,2
DX,2
QZ,2
VF,2
PV,2
ÓH,2
ĆÓ,2
ĘY,2
FV,2
QQ,2
FŚ,2
ŹH,2
TQ,2
FŻ,2
ĄX,2
ĘÓ,2
FŁ,1
ĄÓ,1
LŹ,1
ŃX,1
QG,1
OĄ,1
DŃ,1
KX,1
ŹŹ,1
ŹŚ,1
ŃĘ,1
ĄY,1
ÓY,1
CŃ,1
VŻ,1
GŃ,1
XÓ,1
QC,1
ZQ,1
PŃ,1
FQ,1
QĄ,1
TŃ,1
QW,1
PQ,1
CĆ,1
ŻX,1
XŚ,1
VĘ,1
ĆQ,1
ŻĆ,1
ŹÓ,1
JX,1
PŻ,1
ĆĆ,1
ŚÓ,1
